id,first_name,city
16041,Rowan,London
16812,Mandeep,London
15861,Bill,London
15438,Stephen,London
16298,Ashley,London
16800,Victoria,London
16703,Rowan,London
15953,Chris,Bristol
16676,Shaun,London
15822,Jo,Edinburgh
15756,Edith,London
15465,Archie,London
16063,Danny,London
15955,Matthew,London
16080,Seb,London
16865,Ben,London
16304,audrey,London
15368,adrian,Nottingham
16911,Rabia,London
16618,Tom,London
16626,Peter,Edinburgh
16555,Connor,London
15345,Singh,London
15435,Ashley,London
16184,James,London
15562,Abdi,London
15222,Andrew,London
16735,MNNY,"London, Croydon"
16480,Thomas,London
15701,Timi,London
16590,ajai,London
15444,Trevor,London
15596,Gayathri,London
15191,Sabe,London
15471,Paul,London
15810,Sebastian,London
15592,Herbie,London
15416,Gabriel,London
15408,Ben,Sheffield
15800,Paul,London
15380,Jay,London
15832,Tibor,London Surrey Quays
15441,Shabnum,London
16322,Denzel,Edinburgh
16862,Dominic,London
15214,Rick,London
15552,Joseph,London
16135,Ryan,London
15434,Scott,London
16663,Anna,London
15994,Rob,London
15007,dean,Northolt
15943,Arran,London
16638,Abdul,Birmingham
16235,Myat,London
15396,Ambrose,Bristol
15584,Sam,London
16048,Sam,London
15556,Louis,London
15166,nancy,London
16366,Lorenzo,London
15343,Nicholas,London
16088,Daniel,London
16554,Dan,London
15348,Vedad,Manchester
15873,Niko,London
16065,Jose,London
16199,John,London
15484,Nidz,London
16176,Rory,London
15223,Whistle Video,Sheffield
16108,Mike,London
15977,Sabrine,London
16791,L,Cambridge
16654,Natasha,London
16832,Larina,London
15114,Laurence,London
15999,Lisa,Edinburgh
15679,Rachal,London
15457,Stevie,London
15202,Pip,London
16827,Richard,Leicester
15659,Tosin,London
15287,Muffadal,London
15520,anand,London
15282,James,Leeds
15079,Rich,Bristol
16539,Frazer,London
15464,Jason,Edinburgh
15206,Hugh,Wimborne
16635,Mike,London
15667,Must,London
15959,Darrol,Bristol
15451,marie,London
15988,J,London
15319,Carl,London
15803,Aidan,Edinburgh
16524,Amanda,London
16905,Ja-vantae,London
16630,lucy,London
16657,Robin,London
16621,Shreedhan,London
15449,Dave,London
15831,Mo,Cardiff
15084,Jack,London
15598,Hugo,London
15440,Eddie,Bristol
15403,Zak,London
15961,Antony,Bristol
15481,Martyn,Bristol
15307,Dave,London
15257,Gareth,London
16361,Sannchia,London
15067,Adrian,London
15314,Andrea,London
15482,PAUL,London
15472,Tom,London
16382,Abdul,London
15734,Dale,London
16142,Ross,London
16107,Ella,London
15395,Kamil,London
15022,Mohamed,London
15868,Dan,London
16900,Pawel,London
15572,Sam,London
15446,Francisco,London
16078,Christian,London
16957,Renu,London
16761,Darren,London
16979,Delroy,London
16696,Frankie,Bristol
15453,Eddy,London
16433,FEYISVYO,London
15925,Hashim,London
16145,Dan,London
16945,Chris,London
15668,Kathrynn,London
16737,Mark,London
15531,TRUE,London
15097,Earl,London
16453,Rabia,London
16437,thxt-gamer,London
15920,Nelson,London
16758,Olamide,London
15857,James,London
16615,Max Yeoman,London
15239,Alessandro,Hayes
16200,Marisa,London
16081,Jesus,London
15791,Filip,London
15676,Jay,London
16365,Junior,London
16130,Victor,London
16852,Angelica Mae,London
15470,Nidz,London
15782,luxor,Edinburgh
15850,justin,London
15983,Jatin,London
15686,Nikki,London
16085,Hannah,London
16718,Christopher,London
15821,Cherie,Liverpool
15413,Aanchal,Liverpool
16407,James,Liverpool
15697,Agnieszka,Liverpool
15463,Jon,Liverpool
15414,Sarah,Liverpool
15984,SAMUEL,Liverpool
15382,Stephen,Liverpool
15104,Jay,London
15247,The,London
16274,Shabz,London
16444,Chris,London
16350,Tahid,London
15020,Ryan,London
16431,Kamil,Hatfield/London
16922,Daisy,London
15128,Caroline,London
15501,Zaira,London
15774,Indi,Leeds
16784,Will,London
16660,Rafael,London
16133,Jennie,London
16990,Adam,Leeds
15109,Milan,London
16501,Malcolm,London
15917,Shannon,Leeds
16276,rayhan,London
15002,Luca,London
16495,Eggcorn,Leeds
16398,Matt,Leeds
16560,Kate,London
15717,ieuan,London
16771,maddyy,London
16730,Gary,Leeds
16983,Hawk Films,London
16600,Lady,London
15456,Ben,London
15473,Tom,Oxford
15277,Billy,London
15870,Catherine,London
16185,John,Leeds
15474,kim,London
16131,Sanni,London
16343,Jakub Kozlowski,London
16258,Qamar,London
15108,Massih,London
15325,Lindsay,London
16071,Taite,London
15278,Tatiana,London
15995,Bogdan,London
15869,Arran,London
15154,Lewis,"Ipswich, Suffolk"
15982,Andrew,London
16055,Bíró,London
16538,Samantha,London
15587,Siraj,London
15951,Caroline,London
16149,francisco,London
15703,Matthew,London
16849,Edward,London
15823,sadia,London
15350,Mikolaj,"Ipswich, Suffolk"
15725,Kelly,London
15251,Lisa,London
16966,Shahmin,London
16008,Tobie,"Ipswich, Suffolk"
16161,Gabriella,London
16150,Nataly,London
16412,Pixel8,"Ipswich, Suffolk"
16642,Nicky,London
16379,George,London
15073,Joe,London
15506,Shopz,London
15938,Joffy,London
15718,Charlotte,London
15907,Jake,London
15336,Farahnaz,London
15072,Cj,London
15533,alexander,London
16110,Marta,London
15807,Kais,London
16543,Ashley,Sutton Coldfield
16119,Malachi,London
16820,Jack,London
15524,Ryan,London
15304,Kerri-anne,London
16358,Calley,London
16401,Josh,London
15205,Criz,London
15518,Victoria,London
15389,Bálint,London
15291,Surya,London
15210,Dom,Hackney N1 5TN
15468,Scott,London
15357,Becky,London
15284,Rahimala,London
16496,Vasanth,London
15969,Andy,Leeds
15662,Dorian,Leeds
15657,Katelynn,Leeds
15816,Tim,London
15197,Gabi,London
15460,Sharran Green,London
15487,Tarquin,Bristol
16610,Jonathan,London
16659,Chelsea,London
16229,Amaryllis,Bristol
15595,Edward,London
16523,Zektor,London
16092,Frank,Bristol
15673,Darren,London
15720,Robert,London
16906,Daniel,Bristol
16572,James,London
15731,Thais,Tilehurst
16825,Sarah,Bristol